{
  "system_name": "bicycle",
  "controller_type": "mppi_mpc",
  "num_ics": 562,
  "convergence_rate": 0.0,
  "steps_to_converge_mean": NaN,
  "steps_to_converge_median": NaN,
  "trajectory_cost": 605.938232421875,
  "final_error_mean": 2.1938815116882324,
  "final_error_median": 2.2280256748199463,
  "max_control_effort": 1.0770331621170044,
  "control_energy": 27.925304412841797,
  "total_wall_time": 930.3538594245911,
  "solve_time_mean": 0.005138791166245937,
  "solve_time_median": 0.005135536193847656,
  "solve_time_max": 0.20716524124145508
}