{
  "system_name": "acrobot",
  "controller_type": "mppi",
  "total_sim_time_seconds": 2282.7613332271576,
  "solve_time_mean": 0.01090098824352026,
  "solve_time_median": 0.010886669158935547,
  "solve_time_max": 0.3184936046600342,
  "ipopt_iterations_mean": 0.0,
  "convergence_failures": 0
}