{
  "system_name": "ball_beam",
  "controller_type": "mppi",
  "total_sim_time_seconds": 2801.153005361557,
  "solve_time_mean": 0.013729807920753956,
  "solve_time_median": 0.013736248016357422,
  "solve_time_max": 0.11386823654174805,
  "ipopt_iterations_mean": 0.0,
  "convergence_failures": 0
}