{
  "system_name": "cstr",
  "controller_type": "mppi",
  "total_sim_time_seconds": 1051.6724514961243,
  "solve_time_mean": 0.030397264286875725,
  "solve_time_median": 0.030394315719604492,
  "solve_time_max": 0.1447441577911377,
  "ipopt_iterations_mean": 0.0,
  "convergence_failures": 0
}