{
  "system_name": "lotka_volterra",
  "controller_type": "mppi",
  "total_sim_time_seconds": 184.01654434204102,
  "solve_time_mean": 0.005138499196618795,
  "solve_time_median": 0.00513005256652832,
  "solve_time_max": 0.1375598907470703,
  "ipopt_iterations_mean": 0.0,
  "convergence_failures": 0
}