{
  "system_name": "mountain_car",
  "controller_type": "mppi",
  "total_sim_time_seconds": 11.827152490615845,
  "solve_time_mean": 0.002196395769715309,
  "solve_time_median": 0.0021643638610839844,
  "solve_time_max": 0.13166570663452148,
  "ipopt_iterations_mean": 0.0,
  "convergence_failures": 0
}