{
  "system_name": "pendulum",
  "controller_type": "mppi",
  "total_sim_time_seconds": 14.031064748764038,
  "solve_time_mean": 0.0031532137654721737,
  "solve_time_median": 0.003124237060546875,
  "solve_time_max": 0.08644938468933105,
  "ipopt_iterations_mean": 0.0,
  "convergence_failures": 0
}