{
  "system_name": "quadrotor_2d",
  "controller_type": "mppi",
  "total_sim_time_seconds": 2530.6820828914642,
  "solve_time_mean": 0.010518349707126617,
  "solve_time_median": 0.010517358779907227,
  "solve_time_max": 0.09192228317260742,
  "ipopt_iterations_mean": 0.0,
  "convergence_failures": 0
}