{
  "system_name": "two_link_arm",
  "controller_type": "mppi",
  "total_sim_time_seconds": 2287.286969900131,
  "solve_time_mean": 0.02703552134335041,
  "solve_time_median": 0.027048587799072266,
  "solve_time_max": 0.1252884864807129,
  "ipopt_iterations_mean": 0.0,
  "convergence_failures": 0
}