{
  "system_name": "acrobot",
  "controller_type": "casadi",
  "total_sim_time_seconds": 3311.5723490715027,
  "solve_time_mean": 0.016002628952264786,
  "solve_time_median": 0.013905048370361328,
  "solve_time_max": 0.40538978576660156,
  "ipopt_iterations_mean": 10.817023193197453,
  "convergence_failures": 49
}