{
  "system_name": "bicycle",
  "controller_type": "casadi",
  "total_sim_time_seconds": 1031.5267670154572,
  "solve_time_mean": 0.005891390610486269,
  "solve_time_median": 0.005959272384643555,
  "solve_time_max": 0.06203770637512207,
  "ipopt_iterations_mean": 7.757530676124395,
  "convergence_failures": 0
}