{
  "system_name": "cartpole",
  "controller_type": "casadi",
  "total_sim_time_seconds": 4688.090526819229,
  "solve_time_mean": 0.022774619981646538,
  "solve_time_median": 0.012299060821533203,
  "solve_time_max": 0.7422914505004883,
  "ipopt_iterations_mean": 7.986322233687887,
  "convergence_failures": 607
}