{
  "system_name": "cstr",
  "controller_type": "casadi",
  "total_sim_time_seconds": 79.74729776382446,
  "solve_time_mean": 0.0018002711003646255,
  "solve_time_median": 0.0015444755554199219,
  "solve_time_max": 0.04192781448364258,
  "ipopt_iterations_mean": 0.0,
  "convergence_failures": 34200
}