{
  "system_name": "furuta",
  "controller_type": "casadi",
  "total_sim_time_seconds": 622.3662173748016,
  "solve_time_mean": 0.011593976058065891,
  "solve_time_median": 0.01126718521118164,
  "solve_time_max": 0.20131349563598633,
  "ipopt_iterations_mean": 3.0943535108958837,
  "convergence_failures": 0
}