{
  "system_name": "mountain_car",
  "controller_type": "casadi",
  "total_sim_time_seconds": 19.162967443466187,
  "solve_time_mean": 0.00441243639215827,
  "solve_time_median": 0.0038437843322753906,
  "solve_time_max": 0.04316997528076172,
  "ipopt_iterations_mean": 8.223218613669413,
  "convergence_failures": 0
}