{
  "system_name": "pendubot",
  "controller_type": "casadi",
  "total_sim_time_seconds": 2207.3651275634766,
  "solve_time_mean": 0.01053785439580679,
  "solve_time_median": 0.006844758987426758,
  "solve_time_max": 0.3270266056060791,
  "ipopt_iterations_mean": 6.797833827893175,
  "convergence_failures": 8
}