{
  "system_name": "quadrotor_2d",
  "controller_type": "casadi",
  "total_sim_time_seconds": 2207.759600877762,
  "solve_time_mean": 0.014968527480959892,
  "solve_time_median": 0.01383352279663086,
  "solve_time_max": 0.2052168846130371,
  "ipopt_iterations_mean": 4.38176997764788,
  "convergence_failures": 0
}